epoch,train_loss,val_loss,train_ppl,val_ppl,lr,grad_norm,epoch_time
1,5.26446736684526,4.940492125050433,193.34330030500118,139.83905092916677,0.001,0.5715576746205326,29.358266592025757
2,4.760351622659284,4.447248741971088,116.78698362990635,85.39168596120766,0.001,0.4874171967933224,28.18407678604126
